key_hash,status,expires_at,label
9a1da6c79fb0fc44173743066b780613281b7c8efa8ad9a9a2cb0afe0e015102,active,2027-12-31,Customer 001
79086a708e4161161fc02342c8c71cc75a8651be64bd25c4d9280005d96fb2eb,active,2027-12-31,Customer 002
8e73b5a00de4c75f70c58fc91d0092f95a03463cd96dbeadc4cdc0afa7e195f4,active,2027-12-31,Customer 003
922fae8d0815a38d5d9badf11242356aef80d9613c766fb95099f04d329cbb0b,active,2027-12-31,Customer 004
4535d894b9f1c28667efaec5f3585178fa948ea90825ee7e3dcb636a6bf9d50b,active,2027-12-31,Customer 005
75ef41d5517d5c4dc3e97cfc40bcb53a7240e73a3cefcbc98250e9c7fe3826a2,active,2027-12-31,Customer 006
78f8aa3b5408e241df13197b7ca46ae29c728c986be286722c8b7cf2452e1c03,active,2027-12-31,Customer 007
c02ab84888ea3f2a65dda02d259850ccc013806aff1f7b01deb4cec9a54ed0f6,active,2027-12-31,Customer 008
22969ddf7ecc15366d9609618acada27758c22c6e7459689a4e038fe107d6cf8,active,2027-12-31,Customer 009
52c72fa8e9cc5224c4dfd14c49d5738538abe5f34b0f3b5f95a1454922732d7d,active,2027-12-31,Customer 010
e5593a6d164e631e4d2f4ceedf471e2dec826e729b7f93a8428fb06feb507246,active,2027-12-31,Customer 011
f197bdbfa6718ddd145cee07fbf0121c2914207451b00386ea2f92c20bcf7c2b,active,2027-12-31,Customer 012
1c084167c49eebcf90ab9e335f5e166416f9e4b792d28fc71d0b9e2d3091331d,active,2027-12-31,Customer 013
37a920a794aa014a6df805501b8795434d3eb1096457bf8ca07853d1da3c23bf,active,2027-12-31,Customer 014
3a58c9674ed4b0c7a15b8449ab25ef5a83de2fe26b10cc4ae833339cd56ed28a,active,2027-12-31,Customer 015
c4c68f150f11212ca87713311bff41845473cc815496d1c33328ecf64ff9b30b,active,2027-12-31,Customer 016
f311456b39c434f09c0d7001b43a9cb7f34687152bf72364c4becda26b66ca88,active,2027-12-31,Customer 017
3197590b1eef5e4c2a05753c8277d4bfa7510b3c00bf7e16b0262cf1880f477d,active,2027-12-31,Customer 018
d6a06772f6322ed0379231d05a34c1afef82a15b13d3bb2fdfc334e69aa8294a,active,2027-12-31,Customer 019
0419f01104d884f321a616559c4f9f5a4a25254459e06b7382b46df56855b453,active,2027-12-31,Customer 020
ad57c65bec9abd164dedb6720df283f340558d858d41866e4fd0d6cf2357f050,active,2027-12-31,Customer 021
4bee2ab5062de390e7e94a6edd3d48475913c0012218a19ec101199c24a268a7,active,2027-12-31,Customer 022
85ea9da5d1d2fa0cf3a5f9ba4c21fd154c0425e50f3fe1f507ea3192f4951ad3,active,2027-12-31,Customer 023
24e770cf41a5fd8ea3445419d3de097ddfa32202402313498ce84258d567fda1,active,2027-12-31,Customer 024
6c4256e9630f9359ea2a6bda691401f9917ee7d0e2f26f2b151d78f15abd48f6,active,2027-12-31,Customer 025
3ae27d139855546382552a067acd059c9ade7d068555f7a432f32d7dffc850c3,active,2027-12-31,Customer 026
39c7b4f1d2fa7942656d8bac1a9e0de92fa7be4eda99f099eab82b2edf9a733d,active,2027-12-31,Customer 027
b93d8a6f0431681f4fdd8f6c430fe303c42f7b4e9c1d395c126f2a5b5d4efe07,active,2027-12-31,Customer 028
15bbd941a3f8d9d3c3262fed2b0b1497114ccb06cf864b6376ca2d028e9e9e11,active,2027-12-31,Customer 029
8d75b80f69fb831e254dbc4a7f6ed55bb1e727c8d534d770a7e860e369582403,active,2027-12-31,Customer 030
0951f7321141b9cf5f1bdb6bce0f6095509398e1b51b9b7f1256fe2dea1a3c93,active,2027-12-31,Customer 031
ea21e5e97f7a56bb59d43d62a9e42d9722129ffd4e65891ebcb2589b83983697,active,2027-12-31,Customer 032
2c38e8245ac4ee45a5b17b92e0f9b6ad4d1a47fd82dea1026f38bde0e94c3568,active,2027-12-31,Customer 033
38db32dfdd32bc3a0db8bec27446b72ab2489f33a43f858c60557e8d22f2bf5b,active,2027-12-31,Customer 034
abd94634a14b33271f42432988d6162bd1dfa7671ed0e8c55b35cebffc6fef8c,active,2027-12-31,Customer 035
1fd8915ef9f95a36460e1a6cd8514c8bf6c24eadd73799108cd1c99b289339b1,active,2027-12-31,Customer 036
413febf0e879238d99698a865cc609e4ae01999e551b2ba0793a5c20c8514609,active,2027-12-31,Customer 037
b94d2e1e7793bc90c858a7f55de7028dcde34788a0e40719cb8f7a5270935bdc,active,2027-12-31,Customer 038
e1e0a2a02d55ae5b03c52914f30c178309d524da08bce9f9bdf89a8cb763cf50,active,2027-12-31,Customer 039
c2dbf333f98066ae3944e1de43722ae050bdbbc5ddde7a35247c41c11c8adbed,active,2027-12-31,Customer 040
c040243116b08e770d64d62ed0f358cff3a55afa6a31f4c0e9b0677d9a5c0c1c,active,2027-12-31,Customer 041
892629f06bb983f13f23fbe85fe898e1c5f578d24ca74c00cb6f8a3ba8975a7f,active,2027-12-31,Customer 042
7bf322d453a8cdb1c78caf85ef177f4f5b66689490f40a78d19b4d9d7619e1ae,active,2027-12-31,Customer 043
bc83fe78a1b4ff4f6d66f102e627c21eb195d0681f8cf8b3958001205a5c5837,active,2027-12-31,Customer 044
5874316c8182fe70e50a8d3b8b7a88beec4883e9292996e40646bada3262e8ef,active,2027-12-31,Customer 045
8b89104cf10971cd0c994957032283e3cc9d79f01943b4b9e2b2769025229aab,active,2027-12-31,Customer 046
03d265e0b6f590416c9c826365958da6569eed4a21fd493d7d43af0340d23abd,active,2027-12-31,Customer 047
dc008f23e7e525bfc49025015d9f3e4d639ac81f3698b192c5c5b7b392bf2c30,active,2027-12-31,Customer 048
72c694e8dcb3a2b885ea52dc9452c6498130934d334141b7b55649b76655aa4c,active,2027-12-31,Customer 049
e7bde33df47ffea1a5a7806f1b8985aa9e8cf575dbf8f1cce064c9dbb963ca07,active,2027-12-31,Customer 050
24f1fd776f2b815b3ae78e4d55f883e3a281a4bca168bfb2032d756226abc9a2,active,2027-12-31,Customer 051
e455b629959d85d674e51eb93f8f8df93ead5c33df329b6363d605220bd25ee4,active,2027-12-31,Customer 052
8cf125a417ba575fbdb0c6feeb4dd772f88eb82110cc78e7d1625c3862285149,active,2027-12-31,Customer 053
88c69271059dc13b4b5bb86ae2713930198ffa2b64db8ab3579767c8a6671f5e,active,2027-12-31,Customer 054
1261b4876b6ad7f437cbbb796099eb000c24dff79bbeb1ec46af05c461e9edda,active,2027-12-31,Customer 055
397a5cd82a46258d59dbc74ba462ff249095957ed1c4944f0d20761b7d1a13f4,active,2027-12-31,Customer 056
6c0a4c20062e313308e12dcb30f1a8adbb3d440de667d37ef364eb0679281b66,active,2027-12-31,Customer 057
0544b5ef999275ac0fcd13bfff1ce983b9981d3e5045147371323e42dd827638,active,2027-12-31,Customer 058
e658fc2e6127c475660f4b66d1bcf464ea7e074164050c85b4823cce228c7336,active,2027-12-31,Customer 059
ca7fa2aa26367c3a16fcea319017537ee2861c8293b731c9b40f56b69fb8f1f9,active,2027-12-31,Customer 060
39ed79b0c78648f0fedbd974b8d65997028e3c7f6af71c8679bda07654328e30,active,2027-12-31,Customer 061
482ebde06a1be1d70f594a6e2f11fc787f7f76d58db9eb7826acf88301cbf1fb,active,2027-12-31,Customer 062
51621d2d63f0551c98a8cbe7beded672b18d85daee7dec41d3516e91a7996477,active,2027-12-31,Customer 063
26eae272783ce8faebd662b70eaee480f5c0639d18da6d371d2c25b92dba0fdd,active,2027-12-31,Customer 064
5c2e3843e5b857fe659db1ac6a6535f767000ee6d74fba69d88c9b8c0a343f53,active,2027-12-31,Customer 065
4d5b9888b5dd689b0c519ec47d71b8b8b1306645129b4b43db7fb5ecd33257f2,active,2027-12-31,Customer 066
fb3a06bd97ce6e4b4df0240eec30960bdb14c4d11e1b3bed5194885c58199b1e,active,2027-12-31,Customer 067
e47fc3f052f865981b44f5e7af9896179771cc18aff49e079bff4ae697b4d8de,active,2027-12-31,Customer 068
6217831869c685aab885fcd83e3192075d58249877d3472feed0c89840dcefda,active,2027-12-31,Customer 069
74a2d895483687fc36b25d64851630efc26c8d930dfe114d7ccfaafd685bc62b,active,2027-12-31,Customer 070
2f9d56e4ac9224f369503d1dd5153e9bb86a79c922f1d43579632a09e998fe63,active,2027-12-31,Customer 071
447efa204a23fbc52620cae20e17c18de1b29b21ea67f6acf65a949cdcca2aff,active,2027-12-31,Customer 072
c0a0fd7dcd8ea5f8cd1f1d9726ec0d4268087c54cf0de773950ae0e07be5f3d2,active,2027-12-31,Customer 073
878323a378123cf11c6f38779d717bdd44a229b10972956e54c0f369c4d30e2f,active,2027-12-31,Customer 074
e62ff8d6755aa162e06e1eac0304f48e4bac5a98d6a42a88ea0fdc271f96f867,active,2027-12-31,Customer 075
05d9aa48a7988944ccd57f39a133709956139644824aa4281667000a0348a434,active,2027-12-31,Customer 076
7c24193b6f291f135759e0bd5600fccd37742f10902a6e99628a536f3186247a,active,2027-12-31,Customer 077
e1f7874fe713472c8b2568d7aa376313cb8985729a655c59bebebbbdb97793a4,active,2027-12-31,Customer 078
9c84219626e520e939fe26919357432bf09afdfed0a5c87824d3af6589945bb8,active,2027-12-31,Customer 079
cd64734820b957e2b8413c1108ef060c0622f25b5ab047c38a6f8e2291429cd1,active,2027-12-31,Customer 080
c6f900cf6860e481c3521f7706a5c057c586c1351eb72437fdfc91e04510d3f4,active,2027-12-31,Customer 081
4d48d9e3927ba477866b6f1ee2c65f8d8f7872560b54c80ef81e8f1cd21e4080,active,2027-12-31,Customer 082
013ed3b5bac4fa1ba506dc6e0e3a32944e602daccfbdeebd9f4092636c7e3a6b,active,2027-12-31,Customer 083
774da51d475e5b5e2d872788a69c3336e04c261a61c99778592b9a835ba3d8c4,active,2027-12-31,Customer 084
9de2870599ebb0a21e549abfe8902e02fad35b7535dfc2b57bb49906dbbf0f3e,active,2027-12-31,Customer 085
88fa4105664311ff9c94596e16a22f5f45b292426d85475f73d29b10d853ea60,active,2027-12-31,Customer 086
123cb5897f2b2b6da1daacfb288953bf36994dbb7b1e189e9ac7fe6a05e0016b,active,2027-12-31,Customer 087
724ad8cfb19fd197079652b5240c533c03183ae46661c6b2adb230d02eafed12,active,2027-12-31,Customer 088
2eadef319625a31e23c98e08f53c1987e09b3f13b16fdebff6a672031cb94224,active,2027-12-31,Customer 089
e7fcffcf9bee25197c1052675d544177ec9429a56c7ae980e840825cf1d28004,active,2027-12-31,Customer 090
33bc274f7c08d8c79e234b5e20529f65fe0da7e39d5676e7a31c13acccdf0895,active,2027-12-31,Customer 091
9505ca96cb376f0f8f6ff90d4c25f4665e909250e21555ac47ab25795905940a,active,2027-12-31,Customer 092
9367a3b6a8e008ac475590e175775e56133caaa04c08f5ed3169988d73e53d6e,active,2027-12-31,Customer 093
6287799b7275f8d63c9a236ae260562c32f4fff32cce36274b50fd776a5b152d,active,2027-12-31,Customer 094
29542ecec283d61c0811d0f4d322cfb32ec19d9ca57dee840fca2b03132b81e5,active,2027-12-31,Customer 095
292a79b0b14a684be8dfd44c20ac2bf2e7686eedb78270268d259e8b6a2a947e,active,2027-12-31,Customer 096
b2948d36855128714259a21bd9a5a066acdfa94f61ebf57510e84607011b218f,active,2027-12-31,Customer 097
971be28bb30abece11f62afe31838879ae5bf9c1bd675b9a389aa907d072a49b,active,2027-12-31,Customer 098
5bae7e59832cad8abd31984016a5ab626bc941132aa13dcd59a0a7f17f3f80d2,active,2027-12-31,Customer 099
e397fe7b74aa81725ff30a87d14c9968b0faeb1fed435f45f1e1c6168822b421,active,2027-12-31,Customer 100
